date,contest_num,word,num_results,num_hardmode,in1,in2,in3,in4,in5,in6,over6,letter1,letter2,letter3,letter4,letter5,letter1_int,letter2_int,letter3_int,letter4_int,letter5_int,avg_num_guesses,day_of_week,word_score,word_occurrence,vowels,repeats
2022-01-07,202,slump,80630,1362,1,3,23,39,24,9,1,s,l,u,m,p,19,12,21,13,16,4.13,4,1.2706832716257153,0.0004192794200314,1,0
2022-01-08,203,crank,101503,1763,1,5,23,31,24,14,2,c,r,a,n,k,3,18,1,14,11,4.22,5,1.3005048805116124,0.0010370073021244,1,0
2022-01-09,204,gorge,91477,1913,1,3,13,27,30,22,4,g,o,r,g,e,7,15,18,7,5,4.64,6,1.4210030292830695,0.001064009604725,2,1
2022-01-10,205,query,107134,2242,1,4,16,30,30,17,2,q,u,e,r,y,17,21,5,18,25,4.43,0,1.1875462807135644,0.0031776885220269,2,0
2022-01-11,206,drink,153880,3017,1,9,35,34,16,5,1,d,r,i,n,k,4,18,9,14,11,3.77,1,1.1485021878155504,0.0145981197241738,1,0
2022-01-12,207,favor,137586,3073,1,4,15,26,29,21,4,f,a,v,o,r,6,1,22,15,18,4.57,2,1.285425782564793,0.0153169185196297,2,0
2022-01-13,208,abbey,132726,3345,1,2,13,29,31,20,3,a,b,b,e,y,1,2,2,5,25,4.56,3,1.392191181420397,0.0024275643458783,2,1
2022-01-14,209,tangy,169484,3985,1,4,21,30,24,15,5,t,a,n,g,y,20,1,14,7,25,4.37,4,1.2505553685627735,9.900240016417888e-05,1,0
2022-01-15,210,panic,205880,4655,1,9,35,34,16,5,1,p,a,n,i,c,16,1,14,9,3,3.77,5,1.3240659710535174,0.0041054987452377,2,0
2022-01-16,211,solar,209609,4955,1,9,32,32,18,7,1,s,o,l,a,r,19,15,12,1,18,3.82,6,1.8951868057892967,0.0055212977563285,2,0
2022-01-17,212,shire,222197,5640,1,8,32,32,18,8,2,s,h,i,r,e,19,8,9,18,5,3.93,0,1.7409626388421406,0.0003995445828529,2,0
2022-01-18,213,proxy,220950,6206,1,2,11,24,31,26,6,p,r,o,x,y,16,18,15,24,25,4.87,1,1.015684954560754,0.0014197242247899,1,0
2022-01-19,214,point,280622,7094,1,16,37,28,12,4,1,p,o,i,n,t,16,15,9,14,20,3.47,2,1.2934365533490408,0.1181744729476552,2,0
2022-01-20,215,robot,243964,6589,1,8,29,34,20,8,1,r,o,b,o,t,18,15,2,15,20,3.95,3,1.3930663076405252,0.0013139657628358,2,1
2022-01-21,216,prick,273727,7409,1,8,30,33,19,7,1,p,r,i,c,k,16,18,9,3,11,3.83,4,1.0454392460451027,0.0005532499976562,1,0
2022-01-22,217,wince,241489,6850,1,3,17,33,29,15,3,w,i,n,c,e,23,9,14,3,5,4.46,5,1.2579602827330865,0.0001996086613463,2,0
2022-01-23,218,crimp,269929,7630,1,5,28,38,20,7,1,c,r,i,m,p,3,18,9,13,16,3.96,6,1.0899360484685292,0.0001331948851752,1,0
2022-01-24,219,knoll,258038,8317,1,1,11,29,33,21,4,k,n,o,l,l,11,14,15,12,12,4.71,0,1.2119151800740493,0.0004832411302798,1,1
2022-01-25,220,sugar,276404,8708,1,6,25,34,23,9,1,s,u,g,a,r,19,21,7,1,18,4.0,1,1.6123864018848872,0.0151949678355834,2,0
2022-01-26,221,whack,302348,10163,1,4,22,37,24,10,2,w,h,a,c,k,23,8,1,3,11,4.17,2,0.9590710198586335,0.0002304770227483,1,0
2022-01-27,222,mount,331844,11451,1,9,29,33,19,7,1,m,o,u,n,t,13,15,21,14,20,3.82,3,1.1940760686637497,0.0090526085324402,2,0
2022-01-28,223,perky,296968,11148,1,4,17,30,27,17,4,p,e,r,k,y,16,5,18,11,25,4.45,4,1.2627398182430158,0.0001017053973468,1,0
2022-01-29,224,could,313220,11592,1,7,29,35,20,8,1,c,o,u,l,d,3,15,21,12,4,3.97,5,1.1376640861662741,0.3303588377505971,2,0
2022-01-30,225,wrung,294687,11524,0,2,18,39,27,12,2,w,r,u,n,g,23,18,21,14,7,4.35,6,0.9498485358465163,0.0005679938788649,1,0
2022-01-31,226,light,341314,13347,1,10,25,27,19,12,5,l,i,g,h,t,12,9,7,8,20,4.06,0,1.0585661393470212,0.0855097356834943,1,0
2022-02-01,227,those,351663,13606,1,13,34,30,15,6,1,t,h,o,s,e,20,8,15,19,5,3.67,1,1.72911477616964,0.2372874669714591,2,0
2022-02-02,228,moist,361908,14205,3,13,32,29,16,7,1,m,o,i,s,t,13,15,9,19,20,3.7,2,1.5505217098619994,0.0028999352866409,2,0
2022-02-03,229,shard,358176,14609,1,7,22,28,25,14,4,s,h,a,r,d,19,8,1,18,4,4.3,3,1.6081454055873443,8.493021327834686e-05,1,0
2022-02-04,230,pleat,359679,14813,1,10,28,31,19,9,2,p,l,e,a,t,16,12,5,1,20,3.92,4,1.6496802423426455,5.970160349902824e-05,2,0
2022-02-05,231,aloft,319698,13708,1,4,22,36,25,11,2,a,l,o,f,t,1,12,15,6,20,4.24,5,1.4181756984180411,0.0010337881307533,2,0
2022-02-06,232,skill,311018,13716,1,3,17,33,27,16,3,s,k,i,l,l,19,11,9,12,12,4.42,6,1.414540558734433,0.0115486704334686,1,1
2022-02-07,233,elder,288228,13340,1,3,13,24,30,24,5,e,l,d,e,r,5,12,4,5,18,4.71,0,1.7596095590710197,0.0054659316343679,2,1
2022-02-08,234,frame,336236,15369,1,10,20,24,24,17,3,f,r,a,m,e,6,18,1,13,5,4.2,1,1.5450016829350388,0.0142348456806432,2,0
2022-02-09,235,humor,305372,13846,1,5,22,34,25,11,2,h,u,m,o,r,8,21,13,15,18,4.18,2,1.161898350723662,0.0056468044130187,2,0
2022-02-10,236,pause,304830,13480,1,8,26,32,21,10,2,p,a,u,s,e,16,1,21,19,5,4.02,3,1.835408953214406,0.0052479448820461,3,0
2022-02-11,237,ulcer,278826,10631,1,4,18,30,28,16,3,u,l,c,e,r,21,12,3,5,18,4.4,4,1.4218781555031976,0.0015713105584979,2,0
2022-02-12,238,ultra,269885,9310,1,7,23,34,24,10,1,u,l,t,r,a,21,12,20,18,1,4.07,5,1.4982160888589702,0.0015141497532684,2,0
2022-02-13,239,robin,277471,9826,1,6,29,34,21,8,1,r,o,b,i,n,18,15,2,9,14,3.96,6,1.3217098619993268,0.003204764291194,2,0
2022-02-14,240,cynic,261521,10343,1,6,25,33,22,11,2,c,y,n,i,c,3,25,14,9,3,4.1,0,0.9929989902389769,0.0002846132953025,1,1
2022-02-15,241,aroma,287836,10343,1,6,25,33,22,11,2,a,r,o,m,a,1,18,15,13,1,4.1,1,1.7903736115785933,0.000717650045506,3,1
2022-02-16,242,caulk,289721,10740,1,4,20,31,26,15,3,c,a,u,l,k,3,1,21,12,11,4.34,2,1.2005385392123864,6.482231859945947e-05,2,0
2022-02-17,243,shake,342003,12767,1,6,16,23,24,21,9,s,h,a,k,e,19,8,1,11,5,4.62,3,1.7265567149108045,0.0049734556612602,2,0
2022-02-18,244,dodge,265238,10220,1,3,15,29,27,19,7,d,o,d,g,e,4,15,4,7,5,4.66,4,1.346415348367553,0.0018929032977846,2,1
2022-02-19,245,swill,282327,11241,1,1,8,19,31,30,10,s,w,i,l,l,19,23,9,12,12,5.08,5,1.372399865365197,7.433862424725178e-05,1,1
2022-02-20,246,tacit,273306,11094,1,4,21,32,26,14,3,t,a,c,i,t,20,1,3,9,20,4.35,6,1.4250420733759677,0.0008766364661004,2,1
2022-02-21,247,other,278731,10887,1,9,26,30,21,10,2,o,t,h,e,r,15,20,8,5,18,3.96,0,1.5537529451363177,0.4741776849517426,2,0
2022-02-22,248,thorn,306356,11814,1,14,38,30,12,4,0,t,h,o,r,n,20,8,15,18,14,3.47,1,1.2860316391787276,0.00133266252697,1,0
2022-02-23,249,trove,277576,11411,1,5,16,24,25,22,8,t,r,o,v,e,20,18,15,22,5,4.68,2,1.473510602490744,0.0001465429016192,2,0
2022-02-24,250,bloke,250674,10405,1,6,21,32,25,12,2,b,l,o,k,e,2,12,15,11,5,4.15,3,1.3496465836418714,0.0001209813070122,2,0
2022-02-25,251,vivid,255907,11687,1,2,10,29,33,21,4,v,i,v,i,d,22,9,22,9,4,4.7,4,0.8817906428811848,0.0034587114966805,2,2
2022-02-26,252,spill,248363,10087,1,5,26,34,22,10,2,s,p,i,l,l,19,16,9,12,12,4.09,5,1.460518343991922,0.0010057592044434,1,1
2022-02-27,253,chant,250413,10438,1,9,33,33,16,7,1,c,h,a,n,t,3,8,1,14,20,3.79,6,1.248872433524066,0.0012933063918521,1,0
2022-02-28,254,choke,251094,10521,1,8,30,36,18,6,1,c,h,o,k,e,3,8,15,11,5,3.84,0,1.256075395489734,0.0008355781965053,2,0
2022-03-01,255,rupee,240137,10577,1,2,17,35,30,13,2,r,u,p,e,e,18,21,16,5,5,4.38,1,1.6820599124873779,0.0001229505926405,3,1
2022-03-02,256,nasty,257304,10813,1,7,26,31,21,11,2,n,a,s,t,y,14,1,19,20,25,4.02,2,1.6177717940087513,0.0014626697264454,1,0
2022-03-03,257,mourn,240018,10465,1,8,29,34,19,8,1,m,o,u,r,n,13,15,21,18,14,3.9,3,1.261864692022888,0.0010203332538488,2,0
2022-03-04,258,ahead,203730,9396,1,5,20,35,26,12,2,a,h,e,a,d,1,8,5,1,4,4.27,4,1.77980477953551,0.0141633111893716,3,1
2022-03-05,259,brine,229895,10405,1,9,25,29,22,12,3,b,r,i,n,e,2,18,9,14,5,4.13,5,1.4727027936721642,0.0007101764920531,2,0
2022-03-06,260,cloth,218595,9911,1,8,33,34,17,7,1,c,l,o,t,h,3,12,15,20,8,3.86,6,1.1402221474251095,0.0094897899419312,1,0
2022-03-07,261,hoard,218595,9823,1,9,30,34,19,7,1,h,o,a,r,d,8,15,1,18,4,3.89,0,1.4663076405250757,0.0005204734137461,2,0
2022-03-08,262,sweet,207473,9767,1,5,18,31,28,15,2,s,w,e,e,t,19,23,5,5,20,4.33,1,1.8218108381016493,0.017290216185791,2,1
2022-03-09,263,month,201799,9435,1,5,26,37,22,8,1,m,o,n,t,h,13,15,14,20,8,4.02,2,1.1312016156176372,0.0254372376543494,1,0
2022-03-10,264,lapse,208884,9960,0,8,31,34,19,7,1,l,a,p,s,e,12,1,16,19,5,3.89,3,1.8928306967351058,0.001563408609092,2,0
2022-03-11,265,watch,226349,12400,1,6,14,18,17,24,20,w,a,t,c,h,23,1,20,3,8,4.96,4,1.0906092224840123,0.0185999332912126,1,0
2022-03-12,266,today,192049,9353,1,7,29,35,20,7,1,t,o,d,a,y,20,15,4,1,25,3.91,5,1.4259171995960955,0.0399412991828775,2,0
2022-03-13,267,focus,179436,8937,1,4,23,36,24,10,1,f,o,c,u,s,6,15,3,21,19,4.09,6,1.2752608549309996,0.018798899835685,2,0
2022-03-14,268,smelt,185406,9373,0,5,19,33,28,13,2,s,m,e,l,t,19,13,5,12,20,4.31,0,1.6610568832043084,0.0003751498663096,1,0
2022-03-15,269,tease,202855,10024,1,16,32,30,16,6,1,t,e,a,s,e,20,5,1,19,5,3.72,1,2.2257825647929987,0.0006190035288396,3,1
2022-03-16,270,cater,217856,11234,1,7,19,22,19,18,15,c,a,t,e,r,3,1,20,5,18,4.68,2,1.6997643890945808,0.0004052177283694,2,0
2022-03-17,271,movie,169071,8847,1,5,18,30,26,16,3,m,o,v,i,e,13,15,22,9,5,4.32,3,1.3640525075732077,0.0072725479726709,3,0
2022-03-18,272,saute,179830,9304,1,8,31,34,19,6,1,s,a,u,t,e,19,1,21,20,5,3.84,4,1.9209693705822954,0.0004234984999968,3,0
2022-03-19,273,allow,156311,8515,0,5,21,32,26,14,3,a,l,l,o,w,1,12,12,15,23,4.36,5,1.415483002356109,0.0253152802915243,2,1
2022-03-20,274,renew,154987,8417,0,4,20,33,27,13,2,r,e,n,e,w,18,5,14,5,23,4.27,6,1.6310333221137663,0.0016606258670998,2,1
2022-03-21,275,their,173636,9200,2,14,36,30,13,4,0,t,h,e,i,r,20,8,5,9,18,3.47,0,1.4978121844496803,0.7281077670035359,2,0
2022-03-22,276,slosh,160161,8807,0,2,19,36,27,13,2,s,l,o,s,h,19,12,15,19,8,4.32,1,1.724873779872097,3.901551740019278e-05,1,1
2022-03-23,277,purge,156785,8555,1,4,22,35,26,11,2,p,u,r,g,e,16,21,18,7,5,4.25,2,1.3056883204308314,0.0009045976505113,2,0
2022-03-24,278,chest,169066,9318,1,14,35,31,14,5,1,c,h,e,s,t,3,8,5,19,20,3.65,3,1.5294513631773814,0.0112842003349613,1,0
2022-03-25,279,depot,150197,8562,0,5,29,36,20,7,1,d,e,p,o,t,4,5,16,15,20,3.9,4,1.4503534163581286,0.0015358910864142,2,0
2022-03-26,280,epoxy,149507,9376,0,2,13,31,33,18,3,e,p,o,x,y,5,16,15,24,25,4.61,5,1.200201952204645,0.0005713533045903,2,0
2022-03-27,281,nymph,165468,9935,1,2,18,44,26,9,1,n,y,m,p,h,14,25,13,16,8,5.84,6,0.8563446650959272,0.000603448653065,0,0
2022-03-28,282,found,173696,10613,1,6,17,22,20,21,14,f,o,u,n,d,6,15,21,14,4,4.76,0,1.0496129249410973,0.1527511499373413,2,0
2022-03-29,283,shall,149070,8494,0,3,17,30,28,17,4,s,h,a,l,l,19,8,1,12,12,4.47,1,1.6156176371592057,0.1256533150392295,1,1
2022-03-30,284,stove,158139,9318,0,5,16,24,27,21,6,s,t,o,v,e,19,20,15,22,5,4.57,2,1.6488724335240659,0.0027560705753117,2,0
2022-03-31,285,lowly,135219,8469,0,2,9,26,32,24,8,l,o,w,l,y,12,15,23,12,25,4.95,3,1.0972063278357456,0.0009768105148845,1,1
2022-04-01,286,snout,144648,8913,1,4,19,27,26,18,5,s,n,o,u,t,19,14,15,21,20,4.47,4,1.5242679232581622,0.0005958606062616,2,0
2022-04-02,287,trope,155079,9315,1,16,33,28,15,6,1,t,r,o,p,e,20,18,15,16,5,3.62,5,1.5835745540222148,0.0002811689536754,2,0
2022-04-03,288,fewer,124532,7931,0,2,10,24,32,26,6,f,e,w,e,r,6,5,23,5,18,4.88,6,1.4803769774486704,0.0068029563579914,2,1
2022-04-04,289,shawl,129651,7943,0,3,16,31,30,16,3,s,h,a,w,l,19,8,1,23,12,4.45,0,1.4370245708515652,0.0008529792775565,1,0
2022-04-05,290,natal,121356,7702,0,2,14,32,32,17,3,n,a,t,a,l,14,1,20,1,12,4.57,1,1.6978121844496803,0.0007424970107837,2,1
2022-04-06,291,comma,117856,7560,0,2,13,33,33,17,3,c,o,m,m,a,3,15,13,13,1,4.63,2,1.3069000336587007,0.0009486537376666,2,1
2022-04-07,292,foray,117761,7575,0,2,14,31,31,19,4,f,o,r,a,y,6,15,18,1,25,4.67,3,1.3930663076405252,0.0002264506732562,2,0
2022-04-08,293,scare,141158,9010,1,12,23,26,21,13,4,s,c,a,r,e,19,3,1,18,5,4.09,4,1.9429148434870414,0.0012491463065701,2,0
2022-04-09,294,stair,134210,8537,2,21,36,26,11,4,1,s,t,a,i,r,19,20,1,9,18,3.42,5,1.834331874789633,0.0009247847364243,2,0
2022-04-10,295,black,126241,7894,1,10,31,34,18,6,1,b,l,a,c,k,2,12,1,3,11,3.83,6,1.1279703803433188,0.0751007492347536,1,0
2022-04-11,296,squad,109828,7236,0,3,20,33,27,14,2,s,q,u,a,d,19,17,21,1,4,4.31,0,1.363446650959273,0.0015499651815225,2,0
2022-04-12,297,royal,114907,7275,1,5,24,36,23,9,1,r,o,y,a,l,18,15,25,1,12,4.03,1,1.5640525075732077,0.0189122482526649,2,0
2022-04-13,298,chunk,123255,7835,1,4,29,42,18,5,1,c,h,u,n,k,3,8,21,14,11,3.91,2,0.834533826994278,0.0006337750792746,1,0
2022-04-14,299,mince,113448,7356,0,6,24,35,24,10,1,m,i,n,c,e,13,9,14,3,5,4.11,3,1.344597778525749,0.0002318471265091,2,0
2022-04-15,300,shame,129991,8522,1,11,22,25,21,15,5,s,h,a,m,e,19,8,1,13,5,4.19,4,1.771053517334231,0.0064900927825679,2,0
2022-04-16,301,cheek,107987,7035,0,3,19,40,28,9,1,c,h,e,e,k,3,8,5,5,11,4.24,5,1.4070683271625717,0.0047834405885732,2,1
2022-04-17,302,ample,106681,7008,0,4,20,35,27,11,2,a,m,p,l,e,1,13,16,12,5,4.23,6,1.5626388421406934,0.0040052655415559,2,0
2022-04-18,303,flair,112383,7341,1,8,30,36,18,6,1,f,l,a,i,r,6,12,1,9,18,3.84,0,1.4300235610905419,0.0004168435739999,2,0
2022-04-19,304,foyer,108899,8198,0,2,10,19,19,23,26,f,o,y,e,r,6,15,25,5,18,5.25,1,1.4150790979468193,0.0004688483620126,2,0
2022-04-20,305,cargo,102007,6796,0,5,20,34,27,12,2,c,a,r,g,o,3,1,18,7,15,4.27,2,1.4247054863682262,0.0033879651013047,2,0
2022-04-21,306,oxide,97955,6960,0,2,11,30,33,21,4,o,x,i,d,e,15,24,9,4,5,4.76,3,1.3536856277347695,0.0048391177508027,3,0
2022-04-22,307,plant,119232,7731,2,19,39,28,10,3,0,p,l,a,n,t,16,12,1,14,20,3.37,4,1.3819589363850555,0.0285975813878891,1,0
2022-04-23,308,olive,95562,6482,1,6,25,34,23,10,1,o,l,i,v,e,15,12,9,22,5,4.06,5,1.4560080780881859,0.0044951472861638,3,0
2022-04-24,309,inert,97452,6743,0,7,27,34,22,9,1,i,n,e,r,t,9,14,5,18,20,4.02,6,1.597778525748906,0.0012646124499981,2,0
2022-04-25,310,askew,91548,6549,0,3,13,29,32,19,4,a,s,k,e,w,1,19,11,5,23,4.63,0,1.6682598451699764,0.0002454842386631,2,0
2022-04-26,311,heist,103153,6830,1,13,32,31,16,6,1,h,e,i,s,t,8,5,9,19,20,3.7,1,1.6731740154830024,6.601591177826319e-05,2,0
2022-04-27,312,shown,98967,6564,0,6,26,36,22,8,1,s,h,o,w,n,19,8,15,23,14,3.99,2,1.2877145742174352,0.0554180485115615,1,0
2022-04-28,313,zesty,88974,6315,0,2,12,27,30,22,7,z,e,s,t,y,26,5,19,20,25,4.79,3,1.4395153147088522,3.6944141867672514e-05,1,0
2022-04-29,314,trash,106652,7001,2,19,34,27,13,4,1,t,r,a,s,h,20,18,1,19,8,3.46,4,1.6735779198922922,0.0016336464631694,1,0
2022-04-30,315,larva,77991,5749,0,2,10,25,35,23,4,l,a,r,v,a,12,1,18,22,1,4.75,5,1.5853921238640187,0.0009047684364258,2,1
2022-05-01,316,forgo,77658,5699,0,1,9,26,37,23,3,f,o,r,g,o,6,15,18,7,15,4.77,6,1.228004039044093,0.0002706327030971,2,1
2022-05-02,317,story,95643,6530,1,10,23,29,24,11,2,s,t,o,r,y,19,20,15,18,25,4.06,0,1.571995960955907,0.0535627629581899,1,0
2022-05-03,318,hairy,85817,5941,1,8,24,33,23,10,1,h,a,i,r,y,8,1,9,18,25,4.03,1,1.3878155503197576,0.0014384639239304,2,0
2022-05-04,319,train,107750,7243,6,26,32,22,10,3,0,t,r,a,i,n,20,18,1,9,14,3.1,2,1.575765735442612,0.0162063458012018,2,0
2022-05-05,320,homer,85979,6313,0,3,16,26,24,19,12,h,o,m,e,r,8,15,13,5,18,4.76,3,1.4667115449343655,0.0035041310088178,2,0
2022-05-06,321,badge,76292,5482,0,4,20,35,26,12,2,b,a,d,g,e,2,1,4,7,5,4.24,4,1.4157522719623024,0.0011212419682986,2,0
2022-05-07,322,midst,74458,5233,0,3,25,39,24,9,1,m,i,d,s,t,13,9,4,19,20,4.18,5,1.3837765062268597,0.007078206959558,1,0
2022-05-08,323,canny,72518,5256,0,2,10,30,34,20,4,c,a,n,n,y,3,1,14,14,25,4.72,6,1.2608549309996633,0.0001863026257975,1,1
2022-05-09,324,shine,88932,6146,1,14,32,30,17,6,1,s,h,i,n,e,19,8,9,14,5,3.73,0,1.6577583305284416,0.0028024298870343,2,0
2022-05-10,325,gecko,74412,5489,0,2,16,38,29,12,2,g,e,c,k,o,7,5,3,11,15,4.35,1,1.2473914506900035,6.223858532351989e-05,2,0
2022-05-11,326,farce,79446,5688,0,9,26,32,21,9,1,f,a,r,c,e,6,1,18,3,5,3.9,2,1.5336923594749243,0.0008619336116757,2,0
2022-05-12,327,slung,75673,5419,0,2,16,37,31,13,2,s,l,u,n,g,19,12,21,14,7,4.47,3,1.3038034331874788,0.0005910862335464,1,0
2022-05-13,328,tipsy,77585,5522,0,6,33,38,17,5,1,t,i,p,s,y,20,9,16,19,25,3.85,4,1.3627061595422418,0.0001956023481906,1,0
2022-05-14,329,metal,73225,5290,1,10,31,34,18,7,1,m,e,t,a,l,13,5,20,1,12,3.89,5,1.648199259508583,0.017727983419592,2,0
2022-05-15,330,yield,67115,4963,0,4,16,29,29,18,4,y,i,e,l,d,25,9,5,12,4,4.53,6,1.3969033995287783,0.0130325844010965,2,0
2022-05-16,331,delve,68349,5179,0,2,14,32,33,16,2,d,e,l,v,e,4,5,12,22,5,4.49,0,1.496196566812521,0.000261404539048,2,1
2022-05-17,332,being,70722,5142,0,4,22,37,26,10,1,b,e,i,n,g,2,5,9,14,7,4.19,1,1.2808481992595084,0.2011924659917681,2,0
2022-05-18,333,scour,73933,5544,0,8,34,35,17,5,1,s,c,o,u,r,19,3,15,21,18,3.8,2,1.5091215079097946,0.0002596442037843,2,0
2022-05-19,334,glass,70920,5162,0,4,19,33,27,14,3,g,l,a,s,s,7,12,1,19,19,4.37,3,1.8451699764389096,0.0255251494652966,1,1
2022-05-20,335,gamer,69884,5238,1,4,17,28,26,18,6,g,a,m,e,r,7,1,13,5,18,4.52,4,1.5870077415011778,5.749951472470453e-05,2,0
2022-05-21,336,scrap,66814,4973,1,9,28,34,20,8,1,s,c,r,a,p,19,3,18,1,16,3.94,5,1.6050488051161225,0.001704764007823,1,0
2022-05-22,337,money,67909,4928,1,7,26,36,21,8,1,m,o,n,e,y,13,15,14,5,25,3.97,6,1.4109054190508248,0.0680833182079666,2,0
2022-05-23,338,hinge,66431,4906,0,5,25,37,22,9,2,h,i,n,g,e,8,9,14,7,5,4.11,0,1.2905419050824638,0.0008724574588077,2,0
2022-05-24,339,album,63380,4809,0,5,26,35,24,9,1,a,l,b,u,m,1,12,2,21,13,4.09,1,1.2183103332211376,0.0022801074056777,2,0
2022-05-25,340,vouch,62723,4835,0,2,9,25,33,24,6,v,o,u,c,h,22,15,21,3,8,4.82,2,0.8871760350050488,0.0002279047388074,2,0
2022-05-26,341,asset,63188,4733,0,7,28,34,21,8,1,a,s,s,e,t,1,19,19,5,20,3.94,3,2.21662739818243,0.0046371505264363,2,1
2022-05-27,342,tiara,63846,4842,0,8,36,33,17,6,1,t,i,a,r,a,20,9,1,18,1,3.84,4,1.821474251093908,0.0001698776005592,3,1
2022-05-28,343,crept,60069,4562,0,4,27,38,22,7,1,c,r,e,p,t,3,18,5,16,20,4.0,5,1.3839111410299563,0.00192135489538,1,0
2022-05-29,344,bayou,56839,4435,0,6,17,33,29,13,2,b,a,y,o,u,2,1,25,15,21,4.32,6,1.3137664086166274,0.0004760728924282,3,0
2022-05-30,345,atoll,60969,4741,0,6,28,36,21,8,1,a,t,o,l,l,1,20,15,12,12,4.0,0,1.5891618983507239,0.0002275001956357,2,1
2022-05-31,346,manor,62768,4802,0,6,27,34,21,10,2,m,a,n,o,r,13,1,14,15,18,4.08,1,1.5446650959272972,0.0016845683349087,2,0
2022-06-01,347,creak,63241,4797,0,5,21,32,25,14,3,c,r,e,a,k,3,18,5,1,11,4.31,2,1.5682261864692024,0.0002619770058004,2,0
2022-06-02,348,showy,61278,4770,0,2,16,37,30,13,2,s,h,o,w,y,19,8,15,23,25,4.42,3,1.2151464153483675,0.0005440456863885,1,0
2022-06-03,349,peach,65431,4957,1,13,38,32,13,3,0,p,e,a,c,h,16,5,1,3,8,3.52,4,1.4310333221137665,0.0014579106195103,2,0
2022-06-04,350,froth,58263,4432,0,5,22,35,25,11,1,f,r,o,t,h,6,18,15,20,8,4.14,5,1.135375294513632,0.0003675541866162,1,0
2022-06-05,351,depth,56738,4329,0,6,28,39,20,6,1,d,e,p,t,h,4,5,16,20,8,3.95,6,1.2336587007741502,0.0131271215605918,1,0
2022-06-06,352,gloom,58478,4548,0,2,14,35,35,13,1,g,l,o,o,m,7,12,15,15,13,4.46,0,1.2441602154156852,0.00218942580976,2,1
2022-06-07,353,flood,58991,4440,0,3,20,40,28,8,1,f,l,o,o,d,6,12,15,15,4,4.21,1,1.22376304274655,0.0056539402110876,2,1
2022-06-08,354,trait,61026,4607,0,6,22,35,24,11,2,t,r,a,i,t,20,18,1,9,20,4.18,2,1.5911814203971728,0.0025551891295524,2,1
2022-06-09,355,girth,60020,4665,0,6,23,33,23,12,3,g,i,r,t,h,7,9,18,20,8,4.21,3,1.1214405923931337,0.0003359425725473,1,0
2022-06-10,356,piety,55376,4324,0,4,25,41,22,7,1,p,i,e,t,y,16,9,5,20,25,4.06,4,1.3718613261528105,0.0028498320423575,2,0
2022-06-11,357,goose,51958,4087,0,2,12,28,32,21,5,g,o,o,s,e,7,15,15,19,5,4.73,5,1.8217435207001011,0.0019122946549117,3,1
2022-06-12,358,float,56684,4323,1,12,30,32,18,6,1,f,l,o,a,t,6,12,15,1,20,3.76,6,1.4181756984180411,0.002689478380336,2,0
2022-06-13,359,donor,53802,4142,0,3,27,38,23,7,1,d,o,n,o,r,4,15,14,15,18,4.03,0,1.4372938404577584,0.0026608388228235,2,1
2022-06-14,360,atone,59968,4762,2,16,34,29,14,4,1,a,t,o,n,e,1,20,15,14,5,3.53,1,1.8162234937731403,0.0004072347195604,3,0
2022-06-15,361,primo,55989,4391,0,3,22,38,25,10,2,p,r,i,m,o,16,18,9,13,15,4.23,2,1.2895994614607875,0.0004011179123108,2,0
2022-06-16,362,apron,53430,4112,0,7,30,38,19,5,1,a,p,r,o,n,1,16,18,15,14,3.88,3,1.54614607876136,0.0012505736570062,2,0
2022-06-17,363,blown,54665,4251,0,6,23,35,26,10,1,b,l,o,w,n,2,12,15,23,14,4.18,4,1.0397845843150455,0.0031058095965925,1,0
2022-06-18,364,cacao,47205,4101,0,1,9,27,36,23,4,c,a,c,a,o,3,1,3,1,15,4.83,5,1.6129249410972737,0.0003229599807136,3,2
2022-06-19,365,loser,55359,4399,1,10,28,32,19,8,2,l,o,s,e,r,12,15,19,5,18,3.9,6,1.9171995960955908,0.0006183184769592,2,0
2022-06-20,366,input,50484,3950,0,5,30,38,21,6,1,i,n,p,u,t,9,14,16,21,20,4.0,0,1.1396162908111747,0.0136433081524736,2,0
2022-06-21,367,gloat,53342,4194,0,8,21,31,26,12,2,g,l,o,a,t,7,12,15,1,20,4.19,1,1.4601817569841806,9.881921080340326e-05,2,0
2022-06-22,368,awful,47645,3861,0,5,21,33,27,12,2,a,w,f,u,l,1,23,6,21,12,4.26,2,1.0906765398855605,0.0048543329629708,2,0
2022-06-23,369,brink,53111,4118,0,4,22,41,24,7,1,b,r,i,n,k,2,18,9,14,11,4.07,3,1.0888589700437563,0.0011515369088368,1,0
2022-06-24,370,smite,50617,3991,0,6,23,35,24,11,2,s,m,i,t,e,19,13,9,20,5,4.21,4,1.7015146415348368,0.0003606988972559,2,0
2022-06-25,371,beady,46089,3670,0,3,19,39,29,10,1,b,e,a,d,y,2,5,1,4,25,4.31,5,1.4518343991921911,0.0001086713636126,2,0
2022-06-26,372,rusty,50450,3954,0,9,37,34,13,5,1,r,u,s,t,y,18,21,19,20,25,3.67,6,1.4181756984180411,0.0012786970403302,1,0
2022-06-27,373,retro,47986,3848,0,6,24,35,24,9,1,r,e,t,r,o,18,5,20,18,15,4.05,0,1.7369235947492427,0.0002637297081741,2,1
2022-06-28,374,droll,47312,3844,0,2,16,31,31,17,3,d,r,o,l,l,4,18,15,12,12,4.54,1,1.3612251767081793,0.0002708511945742,1,1
2022-06-29,375,gawky,45645,3957,0,1,5,22,33,28,10,g,a,w,k,y,7,1,23,11,25,5.08,2,0.960753954897341,5.801187246812386e-05,1,0
2022-06-30,376,hutch,44212,3758,0,1,12,28,28,21,9,h,u,t,c,h,8,21,20,3,8,4.79,3,0.8661056883204309,0.0002022620447438,1,1
2022-07-01,377,pinto,47248,3792,0,5,25,41,22,6,1,p,i,n,t,o,16,9,14,20,15,4.02,4,1.2934365533490408,0.0004371880882698,2,0
2022-07-02,378,egret,41765,3515,0,3,14,33,33,15,2,e,g,r,e,t,5,7,18,5,20,4.49,5,1.6960619320094243,9.626600908759292e-05,2,1
2022-07-03,379,lilac,40486,3461,0,2,17,38,29,12,1,l,i,l,a,c,12,9,12,1,3,4.31,6,1.4348704140020196,0.0005631584430294,2,1
2022-07-04,380,sever,42645,3591,0,2,13,27,29,21,7,s,e,v,e,r,19,5,22,5,18,4.71,0,1.8676539885560417,0.0005383057530842,2,1
2022-07-05,381,field,44578,3604,1,6,25,36,23,9,1,f,i,e,l,d,6,9,5,12,4,4.08,1,1.3188152137327498,0.0613515986585356,2,0
2022-07-06,382,fluff,47344,4049,0,0,4,25,44,23,4,f,l,u,f,f,6,12,21,6,6,4.98,2,0.7019185459441266,0.0001873302036181,1,2
2022-07-07,383,agape,43407,3671,0,2,18,36,27,15,3,a,g,a,p,e,1,7,1,16,5,4.48,3,1.7509929316728374,0.0002690526948604,3,1
2022-07-08,384,voice,42806,3484,1,5,24,35,25,9,1,v,o,i,c,e,22,15,9,3,5,4.09,4,1.3527431841130932,0.0473114928095094,3,0
2022-07-09,385,stead,47094,3933,1,6,20,27,28,16,3,s,t,e,a,d,19,20,5,1,4,4.38,5,1.9080444294850218,0.0011373225593742,2,0
2022-07-10,386,berth,41785,3494,0,7,24,35,24,9,1,b,e,r,t,h,2,5,18,20,8,4.07,6,1.327364523729384,0.0005681980586732,1,0
2022-07-11,387,madam,40545,3430,0,3,13,35,34,14,2,m,a,d,a,m,13,1,4,1,13,4.53,0,1.4687983843823629,0.0025304719234053,2,2
2022-07-12,388,night,46910,3870,1,8,27,27,17,13,7,n,i,g,h,t,14,9,7,8,20,4.18,1,1.0382362840794346,0.0771606344054414,1,0
2022-07-13,389,bland,46246,3727,0,7,31,38,18,4,0,b,l,a,n,d,2,12,1,14,4,3.73,2,1.2770111073712556,0.0011135499233685,1,0
2022-07-14,390,liver,40549,3388,0,4,16,26,25,20,8,l,i,v,e,r,12,9,22,5,18,4.61,3,1.4224840121171323,0.0092287355617134,2,0
2022-07-15,391,wedge,39234,3353,0,2,11,32,37,17,2,w,e,d,g,e,23,5,4,7,5,4.66,4,1.3891618983507237,0.0016935961355944,2,1
2022-07-16,392,roomy,38769,3280,0,2,17,41,28,10,2,r,o,o,m,y,18,15,15,13,25,4.33,5,1.3431167956916865,0.0002173999739004,2,1
2022-07-17,393,wacky,39611,3345,0,3,18,39,27,10,2,w,a,c,k,y,23,1,3,11,25,4.25,6,0.9864692022887916,9.37824574933275e-05,1,0
2022-07-18,394,flock,42574,3548,0,4,22,37,27,9,1,f,l,o,c,k,6,12,15,3,11,4.18,0,0.9579939414338606,0.0025566279293235,1,0
2022-07-19,395,angry,39667,3358,0,5,27,38,21,7,1,a,n,g,r,y,1,14,7,18,25,3.97,1,1.3183439919219118,0.0096564254724493,1,0
2022-07-20,396,trite,42237,3685,0,4,14,22,22,23,15,t,r,i,t,e,20,18,9,20,5,4.91,2,1.613194210703467,0.0003124065561327,2,1
2022-07-21,397,aphid,39086,3367,0,6,24,36,23,9,2,a,p,h,i,d,1,16,8,9,4,4.11,3,1.2570178391114102,0.0001669036357804,2,0
2022-07-22,398,tryst,43099,3665,0,3,26,41,23,6,1,t,r,y,s,t,20,18,25,19,20,4.06,4,1.4706832716257152,0.0001210480948,0,1
2022-07-23,399,midge,36769,3111,0,2,18,39,28,10,2,m,i,d,g,e,13,9,4,7,5,4.28,5,1.2688657017839111,0.0001933143894034,2,0
2022-07-24,400,power,39813,3401,2,6,19,29,24,15,4,p,o,w,e,r,16,15,23,5,18,4.25,6,1.4098956580276003,0.1265405135169122,2,0
2022-07-25,401,elope,39228,3339,0,4,22,32,26,13,2,e,l,o,p,e,5,12,15,16,5,4.24,0,1.7730057219791315,8.242853357025467e-05,3,1
2022-07-26,402,cinch,39171,3507,0,2,15,24,22,25,13,c,i,n,c,h,3,9,14,3,8,4.96,1,0.9656008078088186,0.0001458931518552,1,1
2022-07-27,403,motto,38384,3285,0,1,11,36,36,14,1,m,o,t,t,o,13,15,20,20,15,4.5,2,1.3633120161561765,0.001400104835073,2,2
2022-07-28,404,stomp,40650,3490,0,7,26,32,21,11,2,s,t,o,m,p,19,20,15,13,16,4.05,3,1.4195893638505555,0.0001710692855155,1,0
2022-07-29,405,upset,37791,3213,0,5,30,38,20,6,1,u,p,s,e,t,21,16,19,5,20,3.95,4,1.6051161225176709,0.0044853810033674,2,0
2022-07-30,406,bluff,37353,3171,0,2,14,42,31,10,1,b,l,u,f,f,2,12,21,6,6,4.36,5,0.7429148434870414,0.0016213155293221,1,1
2022-07-31,407,cramp,39250,3369,1,8,26,33,19,10,2,c,r,a,m,p,3,18,1,13,16,3.96,6,1.27485695052171,0.0003273231314783,1,0
2022-08-01,408,quart,36662,3303,0,5,20,33,27,13,2,q,u,a,r,t,17,21,1,18,20,4.29,0,1.2535173342308987,0.0014949911992873,2,0
2022-08-02,409,coyly,34909,3380,0,0,4,17,28,35,15,c,o,y,l,y,3,15,25,12,25,5.35,1,1.0796364860316392,9.963783825936934e-05,1,1
2022-08-03,410,youth,38381,3327,1,5,17,31,29,15,3,y,o,u,t,h,25,15,21,20,8,4.42,2,1.0931672837428477,0.0193994060096426,2,0
2022-08-04,411,rhyme,37229,3336,0,4,22,39,25,8,1,r,h,y,m,e,18,8,25,13,5,4.1,3,1.2774150117805452,0.0015815872908152,1,0
2022-08-05,412,buggy,37350,3428,0,1,9,29,34,22,5,b,u,g,g,y,2,21,7,7,25,4.82,4,0.7340289464826658,0.0006994694555603,1,1
2022-08-06,413,alien,38841,3395,3,17,31,29,15,4,0,a,l,i,e,n,1,12,9,5,14,3.45,5,1.7651969033995287,0.0045392825645531,3,0
2022-08-07,414,smear,36223,3190,0,2,16,39,29,12,2,s,m,e,a,r,19,13,5,1,18,4.39,6,1.9542241669471558,0.0007294476311622,2,0
2022-08-08,415,unfit,35516,3187,0,3,24,38,25,9,1,u,n,f,i,t,21,14,6,9,20,4.16,0,1.0591046785594076,0.0012716890931693,2,0
2022-08-09,416,patty,36223,3019,0,2,16,39,29,12,1,p,a,t,t,y,16,1,20,20,25,4.32,1,1.304476607202962,0.0008549132610684,1,1
2022-08-10,417,cling,37654,3312,0,4,20,34,27,13,2,c,l,i,n,g,3,12,9,14,7,4.31,2,1.0601817569841805,0.0012643586564045,1,0
2022-08-11,418,glean,37301,3243,0,6,23,37,24,8,1,g,l,e,a,n,7,12,5,1,14,4.04,3,1.5957590037024572,0.0002259411778466,2,0
2022-08-12,419,label,34198,3076,0,4,18,32,29,15,2,l,a,b,e,l,12,1,2,5,12,4.39,4,1.6150790979468193,0.005702807881297,2,1
2022-08-13,420,hunky,35276,3185,0,1,11,33,25,22,7,h,u,n,k,y,8,21,14,11,25,4.73,5,0.8449007068327162,3.87016147976137e-05,1,0
2022-08-14,421,khaki,31652,2968,0,2,17,33,28,16,4,k,h,a,k,i,11,8,1,11,9,4.51,6,1.1449343655334903,0.0003775723547836,2,1
2022-08-15,422,poker,35376,3180,0,4,17,30,27,17,5,p,o,k,e,r,16,15,11,5,18,4.51,0,1.452036351396836,0.0010707904734075,2,0
2022-08-16,423,gruel,35105,3087,0,3,19,39,29,9,1,g,r,u,e,l,7,18,21,5,12,4.25,1,1.396162908111747,0.0002219300941346,2,0
2022-08-17,424,twice,35815,3173,1,6,28,38,21,6,1,t,w,i,c,e,20,23,9,3,5,3.97,2,1.2733759676876473,0.0144275971444068,2,0
2022-08-18,425,twang,34938,3172,0,3,22,43,25,7,1,t,w,a,n,g,20,23,1,14,7,4.18,3,1.1648603163917872,0.0001358654425752,1,0
2022-08-19,426,shrug,33965,2987,0,4,23,36,26,10,1,s,h,r,u,g,19,8,18,21,7,4.18,4,1.2667115449343653,0.0006974829959294,1,0
2022-08-20,427,treat,38245,3249,1,22,32,26,14,5,1,t,r,e,a,t,20,18,5,1,20,3.52,5,1.7981151127566477,0.0102992846449737,2,1
2022-08-21,428,waste,35617,3186,1,7,19,27,24,17,5,w,a,s,t,e,23,1,19,20,5,4.37,6,1.7997980477953552,0.0121837841308327,2,0
2022-08-22,429,merit,35888,3123,0,7,33,37,17,5,0,m,e,r,i,t,13,5,18,9,20,3.76,0,1.5261528105015147,0.0060395833929692,2,0
2022-08-23,430,woven,33549,2933,0,2,13,32,32,17,3,w,o,v,e,n,23,15,22,5,14,4.54,1,1.21662739818243,0.0021635579454405,2,0
2022-08-24,431,needy,33700,2927,0,2,21,41,26,9,1,n,e,e,d,y,14,5,5,4,25,4.22,2,1.5835072366206664,0.0011706754264816,2,1
2022-08-25,432,clown,36737,3175,1,8,29,36,20,6,1,c,l,o,w,n,3,12,15,23,14,3.91,3,1.0665095927297208,0.0010405088904267,1,0
2022-08-26,433,irony,34716,3046,0,6,29,34,21,8,1,i,r,o,n,y,9,18,15,14,25,3.95,4,1.3588017502524403,0.0025454800934313,2,0
2022-08-27,434,ruder,31241,2784,0,2,16,33,29,16,4,r,u,d,e,r,18,21,4,5,18,4.53,5,1.5176708179064287,0.0001293364592638,2,1
2022-08-28,435,gauze,30214,2866,0,2,11,24,31,25,8,g,a,u,z,e,7,1,21,26,5,4.94,6,1.3380679905755637,0.0008715500990051,3,0
2022-08-29,436,chief,34281,3072,1,6,32,38,18,5,0,c,h,i,e,f,3,8,9,5,6,3.81,0,1.1656008078088187,0.0355484078162541,2,0
2022-08-30,437,onset,33660,3009,0,4,29,40,21,6,1,o,n,s,e,t,15,14,19,5,20,4.03,1,1.8290811174688657,0.0043782028238674,2,0
2022-08-31,438,prize,35343,3166,0,5,12,20,32,26,5,p,r,i,z,e,16,18,9,26,5,4.77,2,1.3119488387748233,0.0058998891019315,2,0
2022-09-01,439,fungi,31903,2928,0,2,18,41,28,9,1,f,u,n,g,i,6,21,14,7,9,4.23,3,0.9350387075058902,0.0015956012769145,2,0
2022-09-02,440,charm,35724,3149,1,12,32,34,16,5,1,c,h,a,r,m,3,8,1,18,13,3.74,4,1.2450353416358129,0.0045663745536116,1,0
2022-09-03,441,gully,31191,2877,0,1,9,27,31,25,7,g,u,l,l,y,7,21,12,12,25,4.91,5,0.9929989902389768,0.0003912753006141,1,1
2022-09-04,442,inter,32018,2889,0,6,25,36,23,8,1,i,n,t,e,r,9,14,20,5,18,4.01,6,1.597778525748906,0.0046424716049001,2,0
2022-09-05,443,whoop,32733,2970,0,1,16,47,29,7,1,w,h,o,o,p,23,8,15,15,16,4.32,0,1.075732076741838,0.0002709055789157,2,1
2022-09-06,444,taunt,32734,3022,0,4,19,27,21,16,13,t,a,u,n,t,20,1,21,14,20,4.65,1,1.4100976102322451,0.0003620670927942,2,1
2022-09-07,445,leery,30992,2873,0,3,17,37,28,12,2,l,e,e,r,y,12,5,5,18,25,4.31,2,1.7370582295523394,8.72172179542801e-05,2,1
2022-09-08,446,class,31962,3001,0,4,21,32,22,13,7,c,l,a,s,s,3,12,1,19,19,4.36,3,1.87088522383036,0.0660233385802646,1,1
2022-09-09,447,theme,32172,2909,0,8,29,40,18,4,0,t,h,e,m,e,20,8,5,13,5,3.77,4,1.5499158532480646,0.0101059530815676,2,1
2022-09-10,448,lofty,29237,2777,0,4,19,34,27,13,3,l,o,f,t,y,12,15,6,20,25,4.35,5,1.0998990238976776,0.0028605438494066,1,0
2022-09-11,449,tibia,27887,2675,0,1,14,40,30,12,2,t,i,b,i,a,20,9,2,9,1,4.4,6,1.443688993604847,0.0008029161059458,3,1
2022-09-12,450,booze,29147,2883,0,1,7,27,38,23,4,b,o,o,z,e,2,15,15,26,5,4.87,0,1.3618983507236622,0.0003668948957396,3,1
2022-09-13,451,alpha,29497,2706,0,3,19,40,28,9,1,a,l,p,h,a,1,12,16,8,1,4.24,1,1.5122854257825649,0.0043116812331245,2,1
2022-09-14,452,thyme,32142,2938,1,5,24,41,23,5,0,t,h,y,m,e,20,8,25,13,5,3.92,2,1.209626388421407,0.0005612206430724,1,0
2022-09-15,453,doubt,33344,3011,1,12,32,34,16,4,0,d,o,u,b,t,4,15,21,2,20,3.61,3,1.1060249074385728,0.0291133128687028,2,0
2022-09-16,454,parer,37309,4130,0,0,4,11,15,22,48,p,a,r,e,r,16,1,18,5,18,5.99,4,1.7803433187478963,1.734765082095043e-05,2,1
2022-09-17,455,chute,33418,3073,0,11,37,36,12,3,0,c,h,u,t,e,3,8,21,20,5,3.55,5,1.2337933355772468,0.0004888255434497,2,0
2022-09-18,456,stick,33102,3038,1,9,36,35,14,4,0,s,t,i,c,k,19,20,9,3,11,3.61,6,1.3063614944463144,0.0080846903344433,1,0
2022-09-19,457,trice,35050,3430,0,5,24,25,18,17,11,t,r,i,c,e,20,18,9,3,5,4.51,0,1.5148434870414003,0.0001548093215242,2,0
2022-09-20,458,alike,31277,2843,0,6,20,33,27,12,2,a,l,i,k,e,1,12,9,11,5,4.25,1,1.649074385728711,0.0073392088636569,3,0
2022-09-21,459,recap,31976,2900,0,5,30,35,21,8,1,r,e,c,a,p,18,5,3,1,16,4.0,2,1.6142039717266914,0.0001151049357986,2,0
2022-09-22,460,saint,34455,3119,1,14,35,29,15,5,1,s,a,i,n,t,19,1,9,14,20,3.62,3,1.751127566475934,0.010935578577959,2,0
2022-09-23,461,glory,31509,2893,0,6,30,39,19,5,0,g,l,o,r,y,7,12,15,18,25,3.83,4,1.2096937058229553,0.0124085498436143,1,0
2022-09-24,462,grate,32777,3077,1,14,29,28,16,8,3,g,r,a,t,e,7,18,1,20,5,3.77,5,1.6740491417031302,0.0007407786564152,2,0
2022-09-25,463,admit,28994,2677,0,10,25,34,22,8,1,a,d,m,i,t,1,4,13,9,20,3.96,6,1.3709188825311343,0.0097935818275512,2,0
2022-09-26,464,brisk,31706,2884,0,5,23,38,24,7,1,b,r,i,s,k,2,18,9,19,11,4.0,0,1.3474251093907774,0.0010475712219291,1,0
2022-09-27,465,soggy,30985,2888,0,2,18,38,28,11,2,s,o,g,g,y,19,15,7,7,25,4.3,1,1.2560753954897341,0.0002437019588405,1,1
2022-09-28,466,usurp,31355,3007,0,3,21,38,26,9,1,u,s,u,r,p,21,19,21,18,16,4.12,2,1.3680915516661056,0.0002773763614406,2,1
2022-09-29,467,scald,30477,2829,0,4,23,36,24,11,2,s,c,a,l,d,19,3,1,12,4,4.21,3,1.5623022551329517,0.0001457824749497,1,0
2022-09-30,468,scorn,31223,2859,0,8,31,35,20,6,1,s,c,o,r,n,19,3,15,18,14,3.92,4,1.546213396162908,0.0021399837645757,1,0
2022-10-01,469,leave,28202,2696,0,4,16,34,31,12,1,l,e,a,v,e,12,5,1,22,5,4.26,5,1.7919219118142038,0.043642147895942,3,1
2022-10-02,470,twine,30088,2775,0,6,28,40,20,5,1,t,w,i,n,e,20,23,9,14,5,3.93,6,1.3563110063951531,0.000486318139074,2,0
2022-10-03,471,sting,32288,2969,1,10,30,33,18,8,2,s,t,i,n,g,19,20,9,14,7,3.95,0,1.3967687647256815,0.0012366255045834,1,0
2022-10-04,472,bough,32014,3060,0,3,17,35,28,13,3,b,o,u,g,h,2,15,21,7,8,4.36,1,0.9320094244362167,0.0005308961250853,2,0
2022-10-05,473,marsh,30935,2885,0,9,30,35,19,6,1,m,a,r,s,h,13,1,18,19,8,3.86,2,1.58653651969034,0.0031023452186291,1,0
2022-10-06,474,sloth,32522,2987,1,10,38,34,13,3,0,s,l,o,t,h,19,12,15,20,8,3.54,3,1.4817233254796367,0.0003830146053766,1,0
2022-10-07,475,dandy,29026,2840,0,2,11,23,29,24,11,d,a,n,d,y,4,1,14,4,25,4.95,4,1.2437563110063952,0.0005428339650958,1,1
2022-10-08,476,vigor,26905,2642,0,2,15,35,31,14,2,v,i,g,o,r,22,9,7,15,18,4.42,5,1.1425109390777517,0.0023021569167586,2,0
2022-10-09,477,howdy,28408,2668,0,2,13,32,32,17,4,h,o,w,d,y,8,15,23,4,25,4.61,6,0.9065634466509593,0.0001451174594056,1,0
2022-10-10,478,enjoy,26878,2654,0,3,12,29,33,20,3,e,n,j,o,y,5,14,10,15,25,4.64,0,1.2714237630427465,0.0123403976767383,2,0
2022-10-11,479,valid,28575,2752,0,4,28,38,21,8,1,v,a,l,i,d,22,1,12,9,4,4.04,1,1.2672500841467518,0.0081311860840751,2,0
2022-10-12,480,ionic,29151,2947,0,2,13,25,28,21,11,i,o,n,i,c,9,15,14,9,3,4.86,2,1.3260181756984182,0.0017205640901899,3,1
2022-10-13,481,equal,27197,2677,0,5,23,35,25,9,1,e,q,u,a,l,5,17,21,1,12,4.24,3,1.4429485021878157,0.0377443750127719,3,0
2022-10-14,482,floor,28906,2752,0,3,23,44,24,6,0,f,l,o,o,r,6,12,15,15,18,4.07,4,1.3569841804106362,0.0268032206086443,2,1
2022-10-15,483,catch,30403,3123,0,7,18,20,15,16,23,c,a,t,c,h,3,1,20,3,8,4.8,5,1.1659373948165601,0.0103273545980675,1,1
2022-10-16,484,spade,30459,2854,1,8,29,36,19,6,1,s,p,a,d,e,19,16,1,4,5,3.86,6,1.8224840121171322,0.0007661131725437,2,0
2022-10-17,485,stein,31269,2965,1,12,34,32,16,5,1,s,t,e,i,n,19,20,5,9,14,3.72,0,1.7731403567822281,0.0020364016303921,2,0
2022-10-18,486,exist,28612,2805,0,5,24,38,23,8,1,e,x,i,s,t,5,24,9,19,20,4.04,1,1.560955907101986,0.0198097492236687,2,0
2022-10-19,487,quirk,28322,2794,0,3,23,39,24,9,2,q,u,i,r,k,17,21,9,18,11,4.19,2,0.9370582295523392,0.0002317383578261,2,0
2022-10-20,488,denim,28741,2769,0,5,29,40,20,5,0,d,e,n,i,m,4,5,14,9,13,3.87,3,1.3775159878828678,0.0002475012298541,2,0
2022-10-21,489,grove,28637,2794,0,4,18,30,28,17,3,g,r,o,v,e,7,18,15,22,5,4.45,4,1.3494446314372266,0.0038489506324728,2,0
2022-10-22,490,spiel,29084,2810,0,7,32,36,19,6,1,s,p,i,e,l,19,16,9,5,12,3.92,5,1.7079097946819255,9.887454925613756e-05,2,0
2022-10-23,491,mummy,29279,3021,0,1,4,14,27,37,18,m,u,m,m,y,13,21,13,13,25,5.53,6,0.8461124200605856,0.0006633134095884,1,2
2022-10-24,492,fault,28947,2768,0,7,27,35,22,8,1,f,a,u,l,t,6,1,21,12,20,4.0,0,1.264355435880175,0.0091843712966231,2,0
2022-10-25,493,foggy,28953,2817,0,2,13,35,32,15,3,f,o,g,g,y,6,15,7,7,25,4.54,1,0.846852911477617,0.0003936939726431,1,1
2022-10-26,494,flout,30063,2904,0,6,28,37,21,7,1,f,l,o,u,t,6,12,15,21,20,3.98,2,1.1353752945136317,0.0001060217966601,2,0
2022-10-27,495,carry,27609,2615,0,4,22,35,24,12,3,c,a,r,r,y,3,1,18,18,25,4.27,3,1.4272635476270614,0.0237068385853529,1,1
2022-10-28,496,sneak,27905,2636,0,7,28,36,21,7,1,s,n,e,a,k,19,14,5,1,11,3.96,4,1.8265230562100305,0.0007740361123972,2,0
2022-10-29,497,libel,25156,2536,0,3,15,32,32,16,2,l,i,b,e,l,12,9,2,5,12,4.49,5,1.4301581958936387,0.0011707851492758,2,1
2022-10-30,498,waltz,24672,2496,0,2,11,29,35,19,3,w,a,l,t,z,23,1,12,20,26,4.63,6,1.0935711881521373,0.000758970695696,1,0
2022-10-31,499,aptly,26498,2572,0,3,26,41,23,7,1,a,p,t,l,y,1,16,20,12,25,4.12,0,1.309390777515988,0.0007360023754775,1,0
2022-11-01,500,piney,27502,3667,0,1,14,37,33,14,2,p,i,n,e,y,16,9,14,5,25,4.55,1,1.3564456411982497,0.00013344963288,2,0
2022-11-02,501,inept,27670,2640,0,6,30,39,20,6,1,i,n,e,p,t,9,14,5,16,20,4.01,2,1.4444294850218782,0.0003649923978991,2,0
2022-11-03,502,aloud,29554,2819,1,18,31,30,15,4,1,a,l,o,u,d,1,12,15,21,4,3.56,3,1.4663076405250757,0.0037806639359099,3,0
2022-11-04,503,photo,27330,2565,0,5,34,43,15,3,0,p,h,o,t,o,16,8,15,20,15,3.77,4,1.2494109727364524,0.0065890579723932,2,1
2022-11-05,504,dream,29743,2751,5,14,31,29,15,4,1,d,r,e,a,m,4,18,5,1,13,3.48,5,1.6456411982497476,0.0162028365800095,2,0
2022-11-06,505,stale,31068,3013,2,19,30,27,15,6,2,s,t,a,l,e,19,20,1,12,5,3.63,6,1.9783911141029955,0.0011210950351654,2,0
2022-11-07,506,begin,26096,2439,0,6,26,36,23,7,1,b,e,g,i,n,2,5,7,9,14,3.98,0,1.2808481992595087,0.0267415516277394,2,0
2022-11-08,507,spell,27213,2531,0,4,24,37,24,9,1,s,p,e,l,l,19,16,5,12,12,4.09,1,1.667452036351397,0.0039863846339497,1,1
2022-11-09,508,rainy,28984,2678,1,16,38,31,11,3,1,r,a,i,n,y,18,1,9,14,25,3.51,2,1.4877818916189836,0.0014960884272294,2,0
2022-11-10,509,unite,27467,2575,1,11,31,33,18,5,1,u,n,i,t,e,21,14,9,20,5,3.75,3,1.4774823291820935,0.0030126024681854,3,0
2022-11-11,510,medal,25993,2438,0,5,25,38,23,8,1,m,e,d,a,l,13,5,4,1,12,4.07,4,1.5827667452036351,0.0018410406723487,2,0
2022-11-12,511,valet,24660,2356,0,4,22,38,25,9,1,v,a,l,e,t,22,1,12,5,20,4.12,5,1.5396162908111746,0.00076228336997,2,0
2022-11-13,512,inane,25085,2515,0,8,25,30,21,13,3,i,n,a,n,e,9,14,1,14,5,4.15,6,1.7448670481319422,0.0001665010008312,3,1
2022-11-14,513,maple,26536,2467,1,6,26,36,21,8,1,m,a,p,l,e,13,1,16,12,5,3.95,0,1.5626388421406934,0.0019968708929148,2,0
2022-11-15,514,snarl,27475,2650,0,5,21,31,24,15,4,s,n,a,r,l,19,14,1,18,12,4.35,1,1.7784584315045437,0.0002662695523323,1,0
2022-11-16,515,baker,25576,2541,0,5,16,23,24,22,10,b,a,k,e,r,2,1,11,5,18,4.72,2,1.5415011780545271,0.0059547209215899,2,0
2022-11-17,516,there,27465,2530,0,14,35,33,14,4,0,t,h,e,r,e,20,8,5,18,5,3.59,3,1.7047458768091552,0.5811722028059416,2,1
2022-11-18,517,glyph,29208,2899,0,2,23,49,20,5,1,g,l,y,p,h,7,12,25,16,8,4.06,4,0.8396499495119488,0.000163499366826,0,0
2022-11-19,518,avert,24749,2400,0,7,26,35,22,9,1,a,v,e,r,t,1,22,5,18,20,4.03,5,1.602490743857287,0.0007989966169142,2,0
2022-11-20,519,brave,24991,2396,1,6,17,27,27,18,5,b,r,a,v,e,2,18,1,22,5,4.5,6,1.4774150117805451,0.006252808176022,2,0
2022-11-21,520,axiom,24288,2382,0,5,19,33,27,13,3,a,x,i,o,m,1,24,9,15,13,4.33,0,1.310063951531471,0.0008757968481968,3,0
2022-11-22,521,prime,27437,2534,1,10,26,32,21,9,1,p,r,i,m,e,16,18,9,13,5,3.93,1,1.4405923931336249,0.0099691449770733,2,0
2022-11-23,522,drive,26663,2451,1,12,32,30,18,6,1,d,r,i,v,e,4,18,9,22,5,3.74,2,1.3521373274991584,0.0206894913219011,2,0
2022-11-24,523,feast,27705,2725,5,13,25,27,19,10,2,f,e,a,s,t,6,5,1,19,20,3.83,3,1.807404914170313,0.0045082577289055,2,0
2022-11-25,524,itchy,24197,2329,0,8,28,40,18,5,1,i,t,c,h,y,9,20,3,8,25,3.87,4,0.9913833726018176,0.0001591820134014,1,0
2022-11-26,525,clean,26381,2424,1,17,36,31,12,3,0,c,l,e,a,n,3,12,5,1,14,3.45,5,1.6214742510939077,0.0144805236038909,2,0
2022-11-27,526,happy,25206,2356,0,6,28,39,19,6,1,h,a,p,p,y,8,1,16,16,25,3.9,6,1.1035341635812856,0.0244598060130384,1,1
2022-11-28,527,tepid,26051,2484,0,10,38,35,13,3,0,t,e,p,i,d,20,5,16,9,4,3.57,0,1.394412655671491,0.0002800087543905,2,0
2022-11-29,528,undue,23739,2316,0,3,19,35,29,13,2,u,n,d,u,e,21,14,4,21,5,4.4,1,1.3141703130259172,0.0016341569126903,3,1
2022-11-30,529,study,23183,2405,0,6,30,33,19,10,2,s,t,u,d,y,19,20,21,4,25,4.03,2,1.2849545607539548,0.0814339679990436,1,0
2022-12-01,530,eject,22628,2200,0,2,11,35,36,14,2,e,j,e,c,t,5,10,5,3,20,4.55,3,1.4274654998317065,0.0002385907848526,2,1
2022-12-02,531,chafe,24646,2343,0,6,30,33,19,9,2,c,h,a,f,e,3,8,1,6,5,3.97,4,1.3505217098619993,0.0001710253963978,2,0
2022-12-03,532,torso,23873,2260,0,4,35,36,17,6,1,t,o,r,s,o,20,15,18,19,15,3.85,5,1.7612924941097274,0.000711039962738,2,1
2022-12-04,533,adore,25577,2398,2,17,32,29,15,5,1,a,d,o,r,e,1,4,15,18,5,3.6,6,1.8339952877818917,0.0008022902089631,3,0
2022-12-05,534,woken,23153,2200,0,2,10,25,36,23,4,w,o,k,e,n,23,15,11,5,14,4.8,0,1.2807135644564118,0.0001616550697719,2,0
2022-12-06,535,amber,23509,2261,0,6,22,33,24,12,3,a,m,b,e,r,1,13,2,5,18,4.23,1,1.5859979804779536,0.0015625871193022,2,0
2022-12-07,536,joust,24899,2388,0,6,29,34,21,8,2,j,o,u,s,t,10,15,21,19,20,4.02,2,1.3131605520026928,8.030945247503242e-05,2,0
2022-12-08,537,infer,21199,1863,0,3,19,33,26,14,3,i,n,f,e,r,9,14,6,5,18,4.3,3,1.4317064961292494,0.0017959942177117,2,0
2022-12-09,538,braid,23640,2165,0,10,36,35,14,3,0,b,r,a,i,d,2,18,1,9,4,3.56,4,1.400673174015483,0.0005927683316872,2,0
2022-12-10,539,knock,21157,2041,0,3,18,43,27,8,1,k,n,o,c,k,11,14,15,3,11,4.22,5,0.972197913160552,0.0030307534806822,1,1
2022-12-11,540,naive,21947,2075,1,7,24,32,24,11,1,n,a,i,v,e,14,1,9,22,5,4.08,6,1.5646583641871423,0.0019122841596879,3,0
2022-12-12,541,apply,22873,2150,0,5,28,38,22,7,1,a,p,p,l,y,1,16,16,12,25,4.05,0,1.2238303601480984,0.0196420260063211,1,1
2022-12-13,542,spoke,24101,2224,0,6,31,38,19,5,0,s,p,o,k,e,19,16,15,11,5,3.82,1,1.6273981824301582,0.0202960396935164,2,0
2022-12-14,543,usual,20824,2048,0,3,20,39,27,10,1,u,s,u,a,l,21,19,21,1,12,4.24,2,1.621070346684618,0.0207861256179327,3,1
2022-12-15,544,rival,22176,2127,0,7,27,35,22,8,1,r,i,v,a,l,18,9,22,1,12,4.0,3,1.4004712218108382,0.0045454289492517,2,0
2022-12-16,545,probe,22853,2160,0,6,24,32,24,11,3,p,r,o,b,e,16,18,15,2,5,4.19,4,1.4584988219454729,0.0026781511715281,2,0
2022-12-17,546,chord,22336,2088,0,7,39,38,13,3,0,c,h,o,r,d,3,8,15,18,4,3.66,5,1.137664086166274,0.0021962553381165,1,0
2022-12-18,547,taper,22166,2108,0,8,28,30,20,11,3,t,a,p,e,r,20,1,16,5,18,4.07,6,1.7125546953887578,0.0007642059041469,2,0
2022-12-19,548,slate,26010,2422,6,14,33,27,13,5,1,s,l,a,t,e,19,12,1,20,5,3.43,0,1.9783911141029957,0.0018983550894901,2,0
2022-12-20,549,third,24137,2261,1,10,47,32,9,2,0,t,h,i,r,d,20,8,9,18,4,3.47,1,1.1800740491417032,0.057466266809835,1,0
2022-12-21,550,lunar,22180,2036,0,5,32,40,17,4,0,l,u,n,a,r,12,21,14,1,18,3.75,2,1.4828004039044094,0.0013470686527947,2,0
2022-12-22,551,excel,20490,2034,0,1,13,34,34,15,2,e,x,c,e,l,5,24,3,5,12,4.51,3,1.4313025917199598,0.0020681792598192,2,1
2022-12-23,552,aorta,21937,2112,0,7,26,35,20,10,3,a,o,r,t,a,1,15,18,20,1,4.13,4,1.8774150117805453,0.0013259866105255,3,1
2022-12-24,553,poise,20281,1911,2,11,34,32,15,6,1,p,o,i,s,e,16,15,9,19,5,3.72,5,1.8043083136990912,0.0005429618160039,3,0
2022-12-25,554,extra,15554,1562,1,5,20,35,28,10,1,e,x,t,r,a,5,24,20,18,1,4.18,6,1.5705149781218446,0.0119713388566744,2,0
2022-12-26,555,judge,20011,2043,0,2,8,16,26,33,14,j,u,d,g,e,10,21,4,7,5,5.18,0,1.0315045439246044,0.0244662061913305,2,0
2022-12-27,556,condo,20879,2012,0,2,17,35,29,14,3,c,o,n,d,o,3,15,14,4,15,4.45,1,1.2711544934365533,0.0002760243857936,2,1
2022-12-28,557,impel,20160,1937,0,3,21,40,25,9,1,i,m,p,e,l,9,13,16,5,12,4.15,2,1.3777179400875128,0.0002036550471747,2,0
2022-12-29,558,havoc,20001,1919,0,2,16,38,30,12,2,h,a,v,o,c,8,1,22,15,3,4.4,3,1.1699764389094582,0.0007958604532221,2,0
2022-12-30,559,molar,21204,1973,0,4,21,38,26,9,1,m,o,l,a,r,13,15,12,1,18,4.14,4,1.564994951194884,0.0013996525863386,2,0
2022-12-31,560,manly,20380,1899,0,2,17,37,29,12,2,m,a,n,l,y,13,1,14,12,25,4.34,5,1.2924941097273646,0.0016320464185963,1,0
